,Collagens,ECM Glycoproteins,ECM Regulators,ECM-affiliated Proteins,Non-ECM,Proteoglycans,Secreted Factors
Collagens,0.0,0.6235326409137563,0.9294743215959451,0.5115812911262831,0.23727852798246898,0.41368836925258207,0.8007476048114343
ECM Glycoproteins,0.05601087149351892,0.0,0.4958554808534924,0.13848942371783352,0.8966781768171131,0.8412119048384643,0.3088495516103441
ECM Regulators,0.17010626061764936,0.6096377239152674,0.0,0.6670133713736154,0.874333449253758,0.18540785863956824,0.603550474772234
ECM-affiliated Proteins,0.3618148793101136,0.3463412574229992,0.6434959917147295,0.0,0.5114199056252484,0.26160386582526785,0.43894049424343734
Non-ECM,0.5625030788132052,0.5472347268980581,0.07310230767723196,0.676641028610753,0.0,0.2344694694736969,0.46629439327798733
Proteoglycans,0.49269365365504136,0.5637213123930971,0.3221684169686064,0.9920944834214374,0.8990300318462626,0.0,0.8215427038361639
Secreted Factors,0.7960534032893002,0.572624607082131,0.8345498470386526,0.10046030354125472,0.18479772467837746,0.9282890557544127,0.0
