Protein_Family,Gene,N_Measurements,N_Studies,N_Tissues,Pearson_r,Pearson_p,Spearman_r,Spearman_p,Mean_PCOLCE_Delta,Mean_Target_Delta,Significant
FACIT_Collagens,COL9A1,3,1,3,-0.8247901102188111,0.38258647227882975,-0.5,0.6666666666666667,-0.3484987850627568,-0.9343284055120161,False
FACIT_Collagens,COL14A1,5,3,5,-0.20277755393054528,0.7435960456121978,0.09999999999999999,0.8728885715695383,-0.3262555308457563,-0.6902800812186645,False
FACIT_Collagens,COL16A1,5,3,5,0.35145432200675736,0.561905406366731,0.3,0.6238376647810728,-0.3262555308457563,-0.16461697438066963,False
FACIT_Collagens,COL9A2,3,1,3,-0.7905455942753536,0.41959414009057355,-0.5,0.6666666666666667,-0.3484987850627568,-0.3248206110181742,False
FACIT_Collagens,COL12A1,6,4,6,0.7584338200766578,0.08048312600686253,0.8285714285714287,0.04156268221574334,-0.19779603870275222,-0.29829646978101215,False
FACIT_Collagens,Col14a1,7,4,7,0.862568447404146,0.012471612050331128,0.8928571428571429,0.006807187408935392,-2.2803911488633877,-2.6558219647510053,True
FACIT_Collagens,Col12a1,7,4,7,-0.09228001062107294,0.8440067599729136,-0.07142857142857144,0.8790481931481541,-2.155340244598095,0.29283542175080157,False
