Protein,CV,Kurtosis,Mean_Zscore,Phase_Transition
SERPINF1,2.2664306477420193,-0.836836132627583,0.2940033802248792,Yes
