Metric,Value
"ICC(1,1)",0.2917714305251569
F_Statistic,3.0654349073770364
P_Value,1.4930326375386437e-90
N_Proteins,666.0
Avg_Studies_Per_Protein,5.013513513513513
