Protein,RF_Importance,LGB_Importance,SHAP_RF,SHAP_LGB,SHAP_NN,Consensus_Score
P4HA1,0.0264575138867692,0.008446491842550384,0.013576483144813268,0.10374184976101741,0.0,0.4605465802952039
TGM2,0.012568125338301685,0.08401126645578089,0.0033362062469004064,0.2704030163132337,0.0,0.447526286587856
LAMA4,0.022729164361237772,0.0015924119775761745,0.012559523178526178,0.16861920490816154,0.0,0.4267512104026313
CSPG4,0.01746613550695205,0.00022355410820489098,0.011539567215010663,0.24885627111580355,0.0,0.40021749298199083
F2,0.0,0.06857018533647832,0.0,0.5095985392289252,0.0016556491082074661,0.3631569225919528
ANGPTL2,0.02530293608510781,2.4409085649865644e-07,0.009185434670287283,0.0745312452908824,0.0,0.3558376526576161
Col4a1,0.012160833202014719,0.021165392001860968,0.006409493121377293,0.24253702040854083,0.0,0.3312293262927613
HRNR,0.006143554209973259,0.057079779554179554,0.0034527304799980966,0.21072122757208644,0.0,0.31402236026523234
