Study,PMID,Cohens_d,SE,Weight,N
Vaughan et al. 2000,10636155,2.4642857142857153,0.34245077604468277,8.527145835221605,30
Eren et al. 2014,25237099,2.6666666666666665,0.38873012632302,6.617647058823531,25
Erickson et al. 2017,28138559,2.218749999999999,0.284196801997533,12.381168291392733,40
Khan et al. 2017,28768707,3.0,0.485912657903775,4.235294117647059,18
Placencio et al. 2015,25686606,3.555555555555556,0.48432210483785265,4.263157894736842,22
Sawdey et al. 1993,8384393,1.6666666666666667,0.3670452590924207,7.4226804123711325,20
Ghosh et al. 2013,23897865,3.789473684210526,0.6104658167241922,2.683349851337958,15
Kortlever et al. 2006,16505382,2.5,0.47186465220442186,4.491228070175438,16
