Metric,Value
R2,0.0002436255226976325
MSE,0.625350208071939
Target_Met,False
