Metabolite,Phase1_Mean,Phase2_Mean,Delta,Percent_Change,t_statistic,p_value,Cohens_d,Significant
ATP,81.58798139031354,91.19985860026983,-9.61187720995629,-10.539355386596895,-3.8227286303737826,0.0065190920142222655,-3.3455694954771884,✅
NAD,76.3896016252785,80.11029826962348,-3.720696644344983,-4.644467346535658,-0.7467524285778129,0.47953784145345013,-0.6027815839533422,❌
NADH,25.25923751659827,24.522102382059096,0.737135134539173,3.006003005184731,0.522813783840243,0.6172383888121415,0.497459784770572,❌
Lactate,74.75924346550518,68.5963818825096,6.162861582995575,8.984237089284374,2.3808738584184668,0.04881934862307339,2.098938073719782,✅
Pyruvate,25.79111371407698,27.32541443463719,-1.534300720560207,-5.614922050790036,-0.8060862918408469,0.4467085477232473,-0.8002439142016089,❌
Lactate_Pyruvate_Ratio,2.931910529567996,2.5103215966023518,0.42158893296564415,16.794220052771433,1.3794879420019728,0.21020059838079067,1.4481508024823162,❌
