Metabolite,Phase1_Mean,Phase1_Std,Phase2_Mean,Phase2_Std,Delta,Percent_Change,p_value,Cohens_d
ATP,51.0785494256864,17.942949353659557,51.81094047714909,42.83645863745141,-0.7323910514626917,-1.413583781181715,0.9696883551433038,-0.022301899381388324
NAD,49.840702737321244,17.68610571213814,41.17081216432489,44.806159456948976,8.669890572996351,21.058342347953335,0.6601237817939543,0.25453534474530765
NADH,26.77819260634362,3.4653414144897354,35.372103812418075,11.883223861388613,-8.593911206074456,-24.295731041752155,0.09327460371651351,-0.9818580321102115
Lactate,37.2592938620673,7.435723151665622,60.70312870685618,5.409127427507411,-23.443834844788874,-38.620472032014035,0.004739497614466205,-3.6057062468448744
Lactate_Pyruvate_Ratio,3.4671234520934493,1.4423573606864941,33.68822777643418,43.61396670947575,-30.221104324340732,-89.70820467285373,0.0567146016600895,-0.9794051379185608
NAD_NADH_Ratio,1.9355868906087341,0.8626587296408217,1.459044476018245,1.756873493268988,0.47654241459048907,32.66126718021514,0.5850659449085678,0.3443282814111765
