Metabolite,Phase1_Mean,Phase2_Mean,Percent_Change,p_value,Cohen_d
ATP,68.44079479487664,85.65640194571974,-20.09844770476419,0.0006811921725735936,-5.226978395904301
NAD,56.43910176846735,73.8827962256389,-23.609954344308118,0.004712718807619364,-4.2701817300995755
Lactate_Pyruvate_Ratio,4.050301265135177,2.4314174129607045,66.5818976019909,0.00030022017067160567,6.118735576956497
