S100_Gene,Target_Gene,Target_Type,Human_Rho,Human_P,Human_N,Mouse_Rho,Mouse_P,Mouse_N,Rho_Diff,Both_Positive,Both_Significant,Conserved_Strong
S100A9,TGM2,TGM,0.8214285714285715,0.023448808345691505,7,0.2,0.704,6,0.6214285714285714,True,False,False
S100A10,TGM2,TGM,0.7,0.18812040437418728,5,0.7714285714285715,0.07239650145772594,6,0.07142857142857151,True,False,True
S100B,TGM2,TGM,-0.7999999999999999,0.20000000000000007,4,0.5,0.6666666666666667,3,1.2999999999999998,False,False,False
S100A4,TGM2,TGM,-0.3,0.6238376647810728,5,0.6000000000000001,0.3999999999999999,4,0.9000000000000001,False,False,False
S100A6,TGM2,TGM,-0.19999999999999998,0.747060078104662,5,0.8285714285714287,0.04156268221574334,6,1.0285714285714287,False,False,False
S100A11,TGM2,TGM,0.6785714285714287,0.0937502539598313,7,0.2571428571428572,0.6227871720116618,6,0.42142857142857154,True,False,False
S100A10,LOXL2,LOX,-1.0,0.0,3,0.7999999999999999,0.20000000000000007,4,1.7999999999999998,False,False,False
S100A6,LOXL2,LOX,-0.5,0.6666666666666667,3,0.39999999999999997,0.6,4,0.8999999999999999,False,False,False
S100A11,LOXL2,LOX,-1.0,0.0,3,-0.6000000000000001,0.3999999999999999,4,0.3999999999999999,False,False,False
