Tissue,Human_Velocity,Mouse_Velocity,Velocity_Ratio
Heart_Native_Tissue,0.9090797634224866,0.5165073328333946,0.5681650319536949
