Cluster,N_Proteins,Mean_Effect_Size,Mean_Consistency,Mean_Strong_Rate,Mean_N_Tissues,Predominant_Direction
0,990,0.18328996072425002,0.5241450216450216,0.008415103415103415,2.1585858585858584,DOWN
1,321,0.46284437709108617,0.5261311378133807,0.4995178756861,2.146417445482866,DOWN
2,1155,0.17760441323829276,0.9998556998556998,0.001515151515151515,1.8614718614718615,DOWN
3,175,0.3605014392769837,0.6866723911009625,0.2221763791763792,8.474285714285715,DOWN
4,291,0.48674632152296193,0.995360824742268,0.5223367697594502,2.2130584192439864,UP
5,132,1.003079826289099,0.9072420634920635,0.911525974025974,2.340909090909091,UP
6,253,0.2077413596097843,0.818939393939394,0.062234142668925276,4.454545454545454,DOWN
