Metric,Value
R2_mean,-19.509467175280435
R2_std,22.494348775143223
MAE_mean,0.3272738490115045
MAE_std,0.25786581688457283
RMSE_mean,0.36000175896200914
RMSE_std,0.2500429828244221
