Comparison,Spearman_rho,P_value,R2
Coagulation_Score_vs_Aging_Velocity,0.07857142857142857,0.7807545523090466,0.0061734693877551015
