{
  "total_proteins": 3317,
  "tier1_count": 4,
  "tier1_percentage": 0.12059089538739826,
  "tier1_mean_effect_size": 1.1388615859590638,
  "tier1_mean_tissues": 6.75,
  "tier1_mean_consistency": 0.8999999999999999
}