Column,N_Studies,Levene_Stat,P_Value,Homoscedastic,Min_Variance,Max_Variance,Variance_Ratio
Zscore_Young,12,0.23522623788047056,0.9951250031201395,True,0.9975124378109452,1.0000000000000002,1.002493765586035
Zscore_Old,12,0.29388994345986724,0.9872610260083726,True,0.9976303317535545,1.0000000000000004,1.0023752969121145
