Method,Young_Mean,Young_Std,Old_Mean,Old_Std
Standard,5.46992098352656e-18,1.0,-5.46992098352656e-18,1.0
Robust (MAD),9.894177366901886,72.67824838410374,6.8472024067902115,43.44091953409683
Quantile,-0.0005592650413994704,1.0086148260468306,-0.0002720603950602979,1.008041031707079
Rank-based,2.5311705085682998e-08,0.9964816793015948,-1.0671788766443647e-07,0.9964815696232386
