Metric,Value
Agreement Rate (%),38.46153846153846
Partial Agreement (%),7.6923076923076925
Disagreement (%),53.84615384615385
