,Degree,Betweenness,Eigenvector,Closeness,PageRank,Katz,Subgraph
Degree,1.0,-0.006760708463736624,0.8920866805833843,0.4969964340986285,0.969259442890716,0.9640211049704015,0.615702002942056
Betweenness,-0.006760708463736624,1.0,-0.01150706743061588,0.5245568638593335,-0.1138721558122365,-0.06051599236707833,0.1634577445094945
Eigenvector,0.8920866805833843,-0.01150706743061588,1.0,0.5532647848690078,0.8059067582042128,0.9454150000207974,0.8200067000263772
Closeness,0.4969964340986285,0.5245568638593335,0.5532647848690078,1.0,0.44229193120268323,0.43911867770231877,0.7537624163444854
PageRank,0.969259442890716,-0.1138721558122365,0.8059067582042128,0.44229193120268323,1.0,0.9054107870788798,0.5282223401847457
Katz,0.9640211049704015,-0.06051599236707833,0.9454150000207974,0.43911867770231877,0.9054107870788798,1.0,0.635565559699134
Subgraph,0.615702002942056,0.1634577445094945,0.8200067000263772,0.7537624163444854,0.5282223401847457,0.635565559699134,1.0
