{
  "nodes": 910,
  "edges": 48485,
  "density": 0.11722820633711722,
  "connected_components": 1,
  "largest_component_nodes": 910,
  "average_clustering": 0.3879176096960926,
  "correlation_threshold": 0.5,
  "p_value_threshold": 0.05
}