Protein,Human_Avg_Delta,Human_Std,Human_Count,Mouse_Avg_Delta,Mouse_Std,Mouse_Count,Direction_Human,Direction_Mouse,Direction_Match
F10,0.27598877920096004,0.30222729114266106,3,0.061078587797515446,0.10969061523448016,4,Stable,Stable,True
F12,0.7082760396258094,0.49597241872740966,3,0.07272808073891895,0.058320216785300694,4,Up,Stable,False
F2,0.7494539675148542,1.1156206692665938,8,0.11699565194258132,0.1497069101626592,6,Up,Stable,False
F9,-0.15023036211988308,0.2442436762931092,4,0.23728302864210196,0.2546268613166959,2,Stable,Stable,True
