Division,Perfect_Count,Perfect_Pct,Imperfect_Count,Imperfect_Pct,Enrichment,Odds_Ratio,P_Value
Non-ECM,66,51.5625,100,24.875621890547265,2.0728125,3.2148387096774194,5.147738977383107e-08
Core matrisome,31,24.21875,161,40.049751243781095,0.6047166149068323,0.47838893513478903,0.0010630810107660543
Matrisome-associated,31,24.21875,141,35.07462686567165,0.6904920212765957,0.591577100241281,0.023038215404053663
